param,mean,sd,mean_se,ratio,kurtosis,band95,bias_z
r,.3008160406776837,.0184932273656236,.018912397882502,1.022666163595521,3.13668092772407,.0541435705586307,1.167476422680585
d1,-.0120108976644198,.0037811434343032,.0036419482875083,.9631870228640153,2.762376844585621,.0491729705302768,-.0762534149447614
d2,.007901524202524,.0044343198128779,.0042822477517516,.9657056623014395,3.172809754011009,.0545994045984304,-.5875590423670713
x1,.4221823496477944,.0203369141552201,.0207634168464158,1.020971848921644,2.986441321142004,.0522053396943917,
x2,1.474821516786303,.0252524535901816,.0249087906442583,.9863909087211645,3.085081646590235,.0534858113813542,
x3,1.018426090989794,.005549012249086,.0053301739286897,.9605626532123258,3.052179159896516,.053062131575899,
u1,-.7032886353560857,.0293013303835124,.028013218101114,.9560391195369349,2.871667070045854,.0506747197338368,
u2,-1.120974004438945,.0395631619706836,.0388284616278751,.9814296859448958,3.006264855007297,.0524651825601514,
u3,-1.000582121014595,.0078764323058511,.0075052928831428,.9528797546533135,2.890540996878848,.0509295812639156,
