alpha0,good,market,se_market,hhmean,se_hhmean,households,se_households,n_small
6.313185662429492,corn,-0.130011, 0.062957,    0.356261,   16.928332, 0.413091, 0.017064,     225
6.313185662429492,wheat, 0.410611, 0.025353,    0.554337,    7.171869, 0.572786, 0.016180,      41
6.313185662429492,rice, 0.440778, 0.048683,    1.492982,  121.839773, 0.659435, 0.032785,    1077
6.313185662429492,other, 1.225103, 0.040321,    1.297738,   23.896880, 1.376863, 0.040258,    1683
6.313185662429492,comp, 1.023969, 0.000800,    1.022995,    0.000634, 1.023012, 0.000629,       0
9.5,corn,-0.085299, 0.061154,  -12.191838, 1.72034e+05, 0.405140, 0.017065,     253
9.5,wheat, 0.434160, 0.021943,    0.244388,  166.502604, 0.564960, 0.015904,      36
9.5,rice, 0.450885, 0.046319,    0.548185,   10.158400, 0.666726, 0.031496,    1121
9.5,other, 1.183983, 0.040422,    1.444862,   21.245198, 1.375246, 0.040211,    1885
9.5,comp, 1.023415, 0.000692,    1.023342,    0.000634, 1.023348, 0.000627,       0
