parameter,value
alpha1,.4000000000000000222
alpha2,.2999999999999999889
alpha3,.2000000000000000111
alpha4,.1000000000000000056
beta1,-.0599999999999999978
beta2,.0200000000000000004
beta3,.0250000000000000014
beta4,.0149999999999999994
gamma_1_1,-.0719999999999999946
gamma_2_1,.0359999999999999973
gamma_3_1,.024000000000000004
gamma_4_1,.012000000000000002
gamma_2_2,-.0630000000000000004
gamma_3_2,.0179999999999999986
gamma_4_2,.0089999999999999993
gamma_3_3,-.048000000000000001
gamma_4_3,.006000000000000001
gamma_4_4,-.0269999999999999997
eta_z1_1,.0299999999999999989
eta_z1_2,-.0120000000000000003
eta_z1_3,-.0100000000000000002
eta_z1_4,-.0080000000000000002
eta_z2_1,.0100000000000000002
eta_z2_2,-.0040000000000000001
eta_z2_3,-.0030000000000000001
eta_z2_4,-.0030000000000000001
rho_z1,1.600000000000000089
rho_z2,.2999999999999999889
