name,se
"alpha:alpha_1",    .0142626377393931
"alpha:alpha_2",    .0126330728204127
"alpha:alpha_3",   .00564737480265342
"alpha:alpha_4",    .0119081230646635
"beta:beta_1",     .015826059806306
"beta:beta_2",    .0129787092317414
"beta:beta_3",   .00645920300006567
"beta:beta_4",    .0132664341052445
"gamma:gamma_1_1",   .00654181323243119
"gamma:gamma_2_1",   .00452288883120604
"gamma:gamma_3_1",   .00239406628585812
"gamma:gamma_4_1",   .00411252410717775
"gamma:gamma_2_2",   .00525068002385805
"gamma:gamma_3_2",   .00221681808992445
"gamma:gamma_4_2",   .00339719343393914
"gamma:gamma_3_3",   .00189202875561157
"gamma:gamma_4_3",   .00174362561592154
"gamma:gamma_4_4",   .00446594575052474
"lambda:lambda_1",   .00467029852371568
"lambda:lambda_2",   .00366899787421415
"lambda:lambda_3",   .00188314403171721
"lambda:lambda_4",   .00385709730490265
"x:w1",    .0110053981570519
"x:w2",    .0138832439630734
"x:w3",    .0171156989749935
"x:w4",    .0135106341657217
"u:w1:w1",    .0166471840866203
"u:w1:w2",    .0112790572913275
"u:w1:w3",   .00590707594191665
"u:w1:w4",    .0104427736424245
"u:w2:w1",    .0202378208444495
"u:w2:w2",    .0232381960799111
"u:w2:w3",   .00962372800403783
"u:w2:w4",    .0149400126918525
"u:w3:w1",    .0239401749116452
"u:w3:w2",    .0218966600205444
"u:w3:w3",     .018336523375903
"u:w3:w4",    .0176523507281038
"u:w4:w1",    .0166345688874983
"u:w4:w2",    .0132643060020951
"u:w4:w3",   .00682149311607079
"u:w4:w4",    .0176897269908375
"c:w1:w1",    .0162947620807885
"c:w1:w2",    .0113306314543719
"c:w1:w3",   .00594529618187998
"c:w1:w4",    .0103339406545813
"c:w2:w1",    .0199849554988501
"c:w2:w2",    .0231452844459615
"c:w2:w3",   .00965764343407795
"c:w2:w4",    .0148488435682207
"c:w3:w1",    .0237416308757858
"c:w3:w2",    .0219409115849743
"c:w3:w3",    .0184200909526248
"c:w3:w4",    .0173506301111407
"c:w4:w1",    .0162900296402297
"c:w4:w2",    .0133174537767801
"c:w4:w3",   .00686185075077665
"c:w4:w4",    .0175853811155961
"xm:w1",   .00904160795101894
"xm:w2",    .0113920309105206
"xm:w3",    .0139294847456923
"xm:w4",      .01121821207345
"um:w1:w1",    .0167602766836175
"um:w1:w2",     .011493956232392
"um:w1:w3",   .00602503344455605
"um:w1:w4",     .010480673587475
"um:w2:w1",    .0191818708024491
"um:w2:w2",    .0223048958073418
"um:w2:w3",   .00924821211660916
"um:w2:w4",    .0142674729640471
"um:w3:w1",    .0239482602159167
"um:w3:w2",      .02179040167759
"um:w3:w3",    .0182602624189121
"um:w3:w4",     .017385870747735
"um:w4:w1",    .0165600885902691
"um:w4:w2",    .0133361039435524
"um:w4:w3",   .00689217084359875
"um:w4:w4",      .01763015245464
"cm:w1:w1",    .0160601094723733
"cm:w1:w2",    .0112910060954438
"cm:w1:w3",   .00586307638713916
"cm:w1:w4",    .0102615334250438
"cm:w2:w1",    .0189426796977412
"cm:w2:w2",    .0219466969993504
"cm:w2:w3",    .0092195247948151
"cm:w2:w4",    .0141641258286111
"cm:w3:w1",    .0231739356512714
"cm:w3:w2",    .0217026350477738
"cm:w3:w3",    .0181287965494926
"cm:w3:w4",    .0171448847097596
"cm:w4:w1",     .016218127194971
"cm:w4:w2",    .0133092407677137
"cm:w4:w3",   .00688735258415763
"cm:w4:w4",     .017468522762585
"xh:w1",    .0092693918760151
"xh:w2",    .0114232752935357
"xh:w3",    .0146902362676921
"xh:w4",    .0113387693991325
"uh:w1:w1",    .0173362498801001
"uh:w1:w2",    .0118373845550613
"uh:w1:w3",   .00616938935117107
"uh:w1:w4",    .0107292684316096
"uh:w2:w1",    .0195640659837844
"uh:w2:w2",    .0228713601338797
"uh:w2:w3",   .00934981308424028
"uh:w2:w4",    .0144348535066884
"uh:w3:w1",     .027562625132335
"uh:w3:w2",    .0230934667020282
"uh:w3:w3",    .0226984511029019
"uh:w3:w4",    .0183627416011299
"uh:w4:w1",    .0168599412741969
"uh:w4:w2",    .0134759054031327
"uh:w4:w3",   .00695781633862495
"uh:w4:w4",    .0180004731580158
"ch:w1:w1",    .0167844095372144
"ch:w1:w2",    .0114581151886915
"ch:w1:w3",   .00600665946452188
"ch:w1:w4",    .0104231231800047
"ch:w2:w1",    .0193607829300915
"ch:w2:w2",     .022649964583249
"ch:w2:w3",    .0093034149089873
"ch:w2:w4",    .0143131880805016
"ch:w3:w1",    .0265702025060165
"ch:w3:w2",    .0229751761347759
"ch:w3:w3",     .022718618756009
"ch:w3:w4",    .0180892289324244
"ch:w4:w1",     .016334501957268
"ch:w4:w2",    .0133511270782057
"ch:w4:w3",   .00685203502577651
"ch:w4:w4",    .0178744970201053
