model,errors,design,family,coverage,se_sd,max_bias_sd,R,median_iter,far_draws
aids,homo,srs,expenditure,    0.954500,    1.019415,    0.069957, 1000.000000,    9.000000,    0.000000
aids,homo,srs,uncompensated,    0.949000,    1.005674,    0.052022, 1000.000000,    9.000000,    0.000000
aids,homo,srs,compensated,    0.949062,    1.009021,    0.055037, 1000.000000,    9.000000,    0.000000
aids,homo,srs,theta,    0.953100,    1.023013,    0.086757, 1000.000000,    9.000000,    0.000000
aids,homo,svy,expenditure,    0.945250,    0.987534,    0.029159, 1000.000000,    9.000000,    0.000000
aids,homo,svy,uncompensated,    0.942437,    0.977287,    0.052855, 1000.000000,    9.000000,    0.000000
aids,homo,svy,compensated,    0.942750,    0.978105,    0.051306, 1000.000000,    9.000000,    0.000000
aids,homo,svy,theta,    0.945950,    0.985569,    0.061900, 1000.000000,    9.000000,    0.000000
aids,hetero,srs,expenditure,    0.950250,    1.003480,    0.067082, 1000.000000,    9.000000,    0.000000
aids,hetero,srs,uncompensated,    0.950687,    1.013241,    0.063296, 1000.000000,    9.000000,    0.000000
aids,hetero,srs,compensated,    0.949750,    1.018057,    0.069074, 1000.000000,    9.000000,    0.000000
aids,hetero,srs,theta,    0.953200,    1.021548,    0.122168, 1000.000000,    9.000000,    0.000000
aids,hetero,svy,expenditure,    0.944000,    0.985949,    0.039328, 1000.000000,    9.000000,    0.000000
aids,hetero,svy,uncompensated,    0.941125,    0.970370,    0.022764, 1000.000000,    9.000000,    0.000000
aids,hetero,svy,compensated,    0.940375,    0.970266,    0.018992, 1000.000000,    9.000000,    0.000000
aids,hetero,svy,theta,    0.945550,    0.983249,    0.039800, 1000.000000,    9.000000,    0.000000
aids,clus,srs,expenditure,    0.953750,    1.006991,    0.048554, 1000.000000,    9.000000,    0.000000
aids,clus,srs,uncompensated,    0.952375,    1.010447,    0.038664, 1000.000000,    9.000000,    0.000000
aids,clus,srs,compensated,    0.953125,    1.011422,    0.041513, 1000.000000,    9.000000,    0.000000
aids,clus,srs,theta,    0.952150,    1.005809,    0.082221, 1000.000000,    9.000000,    0.000000
aids,clus,svy,expenditure,    0.941250,    0.979785,    0.092379, 1000.000000,    9.000000,    0.000000
aids,clus,svy,uncompensated,    0.942250,    0.968971,    0.050170, 1000.000000,    9.000000,    0.000000
aids,clus,svy,compensated,    0.940750,    0.969318,    0.041199, 1000.000000,    9.000000,    0.000000
aids,clus,svy,theta,    0.942850,    0.977505,    0.084008, 1000.000000,    9.000000,    0.000000
quaids,homo,srs,expenditure,    0.948000,    0.994761,    0.021982, 1000.000000,   10.000000,    0.000000
quaids,homo,srs,uncompensated,    0.948500,    0.988136,    0.055619, 1000.000000,   10.000000,    0.000000
quaids,homo,srs,compensated,    0.947687,    0.995525,    0.054218, 1000.000000,   10.000000,    0.000000
quaids,homo,srs,theta,    0.950739,    1.006026,    0.061042, 1000.000000,   10.000000,    0.000000
quaids,homo,svy,expenditure,    0.948000,    1.010864,    0.074222, 1000.000000,   10.000000,    0.000000
quaids,homo,svy,uncompensated,    0.945437,    0.988323,    0.032394, 1000.000000,   10.000000,    0.000000
quaids,homo,svy,compensated,    0.945125,    0.987466,    0.033829, 1000.000000,   10.000000,    0.000000
quaids,homo,svy,theta,    0.948000,    1.001626,    0.079032, 1000.000000,   10.000000,    0.000000
quaids,hetero,srs,expenditure,    0.945250,    0.995922,    0.033607, 1000.000000,   10.000000,    0.000000
quaids,hetero,srs,uncompensated,    0.947375,    0.980486,    0.058199, 1000.000000,   10.000000,    0.000000
quaids,hetero,srs,compensated,    0.948000,    0.989973,    0.068785, 1000.000000,   10.000000,    0.000000
quaids,hetero,srs,theta,    0.952565,    1.008086,    0.067523, 1000.000000,   10.000000,    0.000000
quaids,hetero,svy,expenditure,    0.947750,    1.001934,    0.074096, 1000.000000,   11.000000,    0.000000
quaids,hetero,svy,uncompensated,    0.944375,    0.986737,    0.036576, 1000.000000,   11.000000,    0.000000
quaids,hetero,svy,compensated,    0.943312,    0.983671,    0.041643, 1000.000000,   11.000000,    0.000000
quaids,hetero,svy,theta,    0.945652,    0.988277,    0.088316, 1000.000000,   11.000000,    0.000000
quaids,clus,srs,expenditure,    0.952000,    0.998048,    0.024709, 1000.000000,   10.000000,    0.000000
quaids,clus,srs,uncompensated,    0.949688,    0.998804,    0.036167, 1000.000000,   10.000000,    0.000000
quaids,clus,srs,compensated,    0.949187,    1.001255,    0.037648, 1000.000000,   10.000000,    0.000000
quaids,clus,srs,theta,    0.948609,    1.001221,    0.068839, 1000.000000,   10.000000,    0.000000
quaids,clus,svy,expenditure,    0.932000,    0.974824,    0.031055, 1000.000000,   11.000000,    0.000000
quaids,clus,svy,uncompensated,    0.942437,    0.980035,    0.091316, 1000.000000,   11.000000,    0.000000
quaids,clus,svy,compensated,    0.941875,    0.978564,    0.096646, 1000.000000,   11.000000,    0.000000
quaids,clus,svy,theta,    0.944435,    0.985604,    0.065301, 1000.000000,   11.000000,    0.000000
